,eigan_values,PCA_components
0,5.47912668313,1
1,5.11212790079,2
2,1.25867676162,3
3,1.05325286753,4
4,0.949433217803,5
5,0.895345901963,6
6,0.855057232357,7
7,0.634009844921,8
8,0.59369142859,9
9,0.545294612223,10
10,0.397528398011,11
11,0.329883453915,12
12,0.275360047692,13
13,0.0183860920262,14
14,0.0264774512943,15
15,0.0855097935019,16
16,0.194981128972,17
17,0.137304035994,18
18,0.158553147675,19
